c_site,c_total_reviews,c_trust_score,c_location
esilencers.com,747,5.0,
biketiresdirect.com,17865,5.0,"Portland,United States"
upnorthsports.com,13167,5.0,"Bemidji,United States"
canyoncoolers.com,4723,5.0,"Flagstaff,United States"
powermetercity.com,3297,5.0,"Aliso Viejo,United States"
bullydarts.co.uk,2407,5.0,"Runcorn,United States"
tractoptics.com,1872,5.0,"Hummelstown,United States"
www.springtimeinc.com,1631,5.0,"Cockeysville,United States"
skimo.co,1352,5.0,"Salt Lake City,United States"
batsplus.com,1176,5.0,"Essington,United States"
perfectgolfevent.com,1171,5.0,"Jacksonville,United States"
boatloan.com,1044,5.0,"Vero Beach,United States"
redandwhiteshop.com,1007,5.0,"Raleigh,United States"
aaasportsmemorabilia.co.uk,856,5.0,"Liverpool,United States"
caliberstrong.com,721,5.0,"New York,United States"
valuegolf.com,721,5.0,"Girard,United States"
copytrophy.com,661,5.0,"Santa Cruz,United States"
buyontrust.com,626,5.0,"Boulder,United States"
www.boxcomponents.com,519,5.0,"Anaheim,United States"
ffwdusa.com,456,5.0,"Torrance,United States"
www.caradonna.com,353,5.0,"Longwood,United States"
occamdefense.com,336,5.0,"Moscow,United States"
fitnessequipmentbroker.com,290,5.0,"Los Angeles,United States"
laxgear.com,270,5.0,"Windsor,United States"
paddlemarco.com,248,5.0,"Marco Island,United States"
themountainair.com,157,5.0,"San Luis Obispo,United States"
stickhawk.com,113,5.0,
gamereadysports.com,102,5.0,
armchampionshipbelts.com,102,5.0,"Normington,United States"
www.zumba.com,12771,5.0,
creedmoorsports.com,10079,5.0,"Anniston,United States"
www.holabirdsports.com,9747,5.0,"Baltimore,United States"
www.prioritybicycles.com,6649,5.0,"New York,United States"
headbangersports.com,6123,5.0,"Palm City,United States"
www.diverightinscuba.com,4715,5.0,"Plainfield,United States"
anthem-sports.com,3682,5.0,"Pawcatuck,United States"
www.watersportsoutlet.com,3576,5.0,"Rancho Santa Margarita,,United States"
themirrorcompany.com,2347,5.0,"Nixa,United States"
broadwayproscooters.com,1435,5.0,"Brooklyn,United States"
g4gguns.com,686,5.0,"Van Alstyne,United States"
twobrosbows.com,667,5.0,"Cornelius,United States"
alpineshopvt.com,663,5.0,"South Burlington,United States"
selkirk.com,426,5.0,"Hayden,United States"
rideequisafe.com,422,5.0,
sportshootingdepot.com,321,5.0,"West Bloomfield,United States"
flatbike.com,315,5.0,"Kirkland,United States"
premierbats.com,277,5.0,"Vero Beach,United States"
ptpioneer.com,166,5.0,"Eugene,United States"
nutritionalsupplementshop.com,135,5.0,"Poughkeepsie,United States"
twistedspokecbd.com,100,5.0,"Colorado Springs,United States"
hd.enterprises,77,5.0,"Auburn,United States"
henryholsters.com,75,5.0,"Spencer,United States"
www.fitmatecoach.com,73,5.0,"New York,United States"
katalyst.com,72,5.0,"Las Vegas,United States"
renoflyshop.com,62,5.0,"Reno,United States"
simulatorhq.com,58,5.0,"San Francisco,United States"
thebilliardbay.com,46,5.0,"Covina,United States"
tennis-point.com,16750,4.5,"Cincinnati,United States"
sportbiketrackgear.com,16583,4.5,"Shelby Twp.,United States"
peterglenn.com,14707,4.5,"Oakland Park,United States"
